<?xml version="1.0" encoding="UTF-8"?>
<metadata xml:lang="en"><Esri><CreaDate>20210112</CreaDate><CreaTime>14500600</CreaTime><ArcGISFormat>1.0</ArcGISFormat><SyncOnce>TRUE</SyncOnce><DataProperties><lineage><Process ToolSource="c:\program files\arcgis\pro\Resources\ArcToolbox\toolboxes\Spatial Analyst Tools.tbx\ExtractByMask" Date="20210112" Time="145006">ExtractByMask n41w112_10m.tif grandeur C:\Users\ahohl\Box\teaching\GEOG_5963_6960\exercises\W5_Ex\data\grandeur</Process></lineage></DataProperties></Esri></metadata>
